{
  "id": "77949a81-3a50-4927-83ab-1c1cd6b368cd",
  "type": "page/dashboard",
  "title": "Keeper.io Statuspage",
  "content": {
    "_type": "layout/list",
    "contents": [
      {
        "_type": "layout/column",
        "columns": [
          {
            "width": 100,
            "contents": [
              {
                "_type": "layout/list",
                "contents": [
                  {
                    "_type": "tile/webapi-as-scalar",
                    "config": {
                      "context": {
                        "sign": "true",
                        "extendedProperties": true
                      },
                      "source": {
                        "_security": "signing",
                        "method": "GET",
                        "provider": "generic",
                        "url": "https://statuspage.keeper.io/api/v2/status.json",
                        "keypath": "status.description"
                      },
                      "display": {
                        "fontsize": 100,
                        "coerceObject": true,
                        "align": "",
                        "unit": "",
                        "customTemplate": "",
                        "applyColour": "fg",
                        "colours": [
                          {
                            "key": "rgb(0, 166, 81)",
                            "value": "{{value == 'All Systems Operational'}}"
                          },
                          {
                            "key": "rgb(192, 41, 46)",
                            "value": "{{value != 'All Systems Operational'}}"
                          }
                        ],
                        "drilldownTemplate": ""
                      }
                    },
                    "description": "",
                    "title": "Current Status"
                  },
                  {
                    "_type": "tile/webapi-as-table",
                    "config": {
                      "context": {
                        "sign": "true",
                        "extendedProperties": true
                      },
                      "source": {
                        "_security": "signing",
                        "method": "GET",
                        "provider": "generic",
                        "url": "https://statuspage.keeper.io/api/v2/incidents.json",
                        "keypath": "incidents"
                      },
                      "display": {
                        "showHeaders": true,
                        "fontSize": 14,
                        "columnOverrides": {
                          "name": {
                            "displayName": "Name"
                          },
                          "status": {
                            "displayName": "Status"
                          },
                          "created_at": {
                            "displayName": "Created",
                            "template": "{{timeago(value, false, false, true)}}"
                          },
                          "updated_at": {
                            "displayName": "Updated",
                            "template": "{{timeago(value, false, false, true)}}"
                          },
                          "resolved_at": {
                            "displayName": "Resolved",
                            "template": "{{timeago(value, false, false, true)}}"
                          },
                          "impact": {
                            "displayName": "Impact"
                          }
                        },
                        "customColumns": {},
                        "columns": [
                          "name",
                          "status",
                          "impact",
                          "created_at",
                          "updated_at",
                          "resolved_at"
                        ],
                        "autohide": true,
                        "columnWidths": {
                          "name": 383,
                          "status": 215,
                          "created_at": 230,
                          "updated_at": 245
                        },
                        "rowLink": "{{shortlink}}",
                        "openLinkInNewTab": true,
                        "forceExpand": false,
                        "limit": 5
                      }
                    },
                    "description": "",
                    "title": "Last 5 Incidents"
                  },
                  {
                    "_type": "tile/scom-webapi-as-status-block",
                    "config": {
                      "context": {
                        "sign": "true",
                        "extendedProperties": true
                      },
                      "source": {
                        "_security": "signing",
                        "method": "GET",
                        "provider": "generic",
                        "url": "https://statuspage.keeper.io/api/v2/components.json",
                        "keypath": "components",
                        "healthTransform": {
                          "states": [
                            {
                              "key": "Healthy",
                              "value": "operational"
                            },
                            {
                              "key": "Warning",
                              "value": "degraded_performance"
                            },
                            {
                              "key": "Warning",
                              "value": "partial_outage"
                            },
                            {
                              "key": "Critical",
                              "value": "major_outage"
                            }
                          ],
                          "healthTemplate": "{{status}}"
                        }
                      },
                      "display": {
                        "label": "name",
                        "columns": 5,
                        "height": 7,
                        "fontsize": 2,
                        "sublabel": "custom",
                        "topn": 0,
                        "sublabelCustomLabel": "Updated {{timeago(properties.updated_at, null, false, true)}}",
                        "wrapLabel": true
                      }
                    },
                    "description": "",
                    "title": "Components"
                  }
                ]
              }
            ]
          }
        ]
      }
    ]
  },
  "derivedFrom": "00000000-0000-0000-0000-000000000000",
  "draft": false
}